Image Name,Category
burj_kalifa_0005487c0b.jpg,Burj Khalifa
burj_kalifa_04d516ea7d.jpg,Burj Khalifa
burj_kalifa_194c0c33c1.jpg,Burj Khalifa
burj_kalifa_1fb5d27e08.jpg,Burj Khalifa
burj_kalifa_3afd543286.jpg,Burj Khalifa
burj_kalifa_41ee1bbd47.jpg,Burj Khalifa
burj_kalifa_5347d837b9.jpg,Burj Khalifa
burj_kalifa_56dff7bd0d.jpg,Burj Khalifa
burj_kalifa_58d618d685.jpg,Burj Khalifa
burj_kalifa_6945a14e46.jpg,Burj Khalifa
burj_kalifa_851ef360cd.jpg,Burj Khalifa
burj_kalifa_93bc6db720.jpg,Burj Khalifa
burj_kalifa_997852f296.jpg,Burj Khalifa
burj_kalifa_ab0fb74677.jpg,Burj Khalifa
burj_kalifa_b299d5b709.jpg,Burj Khalifa
burj_kalifa_b4271b8179.jpg,Burj Khalifa
burj_kalifa_b7ed10d93d.jpg,Burj Khalifa
burj_kalifa_bc3ef4c3d7.jpg,Burj Khalifa
burj_kalifa_cabe50741f.jpg,Burj Khalifa
burj_kalifa_cb97acb7c6.jpg,Burj Khalifa
burj_kalifa_d1c2ddf4af.jpg,Burj Khalifa
burj_kalifa_efc3137f40.jpg,Burj Khalifa
burj_kalifa_f32fbeb896.jpg,Burj Khalifa
burj_kalifa_fbac552124.jpg,Burj Khalifa
colosseum_01528698bf.jpg,Colosseum
colosseum_0fb90df2aa.jpg,Colosseum
colosseum_1c521d546e.jpg,Colosseum
colosseum_248690085a.jpg,Colosseum
colosseum_28993bd4f3.jpg,Colosseum
colosseum_2f4f37965b.jpg,Colosseum
colosseum_41a8f7f80c.jpg,Colosseum
colosseum_4fefd3ef4b.jpg,Colosseum
colosseum_5020cf6614.jpg,Colosseum
colosseum_7ccdd5f9ec.jpg,Colosseum
colosseum_84f3f63127.jpg,Colosseum
colosseum_8c52e5b3d9.jpg,Colosseum
colosseum_941e09c5ba.jpg,Colosseum
colosseum_98d4ba8541.jpg,Colosseum
colosseum_acf7ad4b5b.jpg,Colosseum
colosseum_b128192656.jpg,Colosseum
colosseum_b53248e6e3.jpg,Colosseum
colosseum_da98dc4cd7.jpg,Colosseum
colosseum_e57ee8b2a3.jpg,Colosseum
colosseum_e5bd8d37f6.jpg,Colosseum
colosseum_ef09589884.jpg,Colosseum
colosseum_ff3754c9ad.jpg,Colosseum
eiffel_tower_0390cf61f1.jpg,Eiffel Tower
eiffel_tower_09794f095e.jpg,Eiffel Tower
eiffel_tower_0c157ad222.jpg,Eiffel Tower
eiffel_tower_1b32a19bf1.jpg,Eiffel Tower
eiffel_tower_2d006ff8bc.jpg,Eiffel Tower
eiffel_tower_3a6f69c123.jpg,Eiffel Tower
eiffel_tower_3b44751ab6.jpg,Eiffel Tower
eiffel_tower_3e821b7933.jpg,Eiffel Tower
eiffel_tower_7040304c45.jpg,Eiffel Tower
eiffel_tower_85f5188324.jpg,Eiffel Tower
eiffel_tower_93df9dd7c7.jpg,Eiffel Tower
eiffel_tower_bcac358921.jpg,Eiffel Tower
eiffel_tower_c246b40cd2.jpg,Eiffel Tower
eiffel_tower_d0bba9b575.jpg,Eiffel Tower
eiffel_tower_d143e7a939.jpg,Eiffel Tower
eiffel_tower_e2d27036a9.jpg,Eiffel Tower
eiffel_tower_e359656db2.jpg,Eiffel Tower
eiffel_tower_e63f6a1cfe.jpg,Eiffel Tower
eiffel_tower_e73d7078cc.jpg,Eiffel Tower
eiffel_tower_ee8bf58e3e.jpg,Eiffel Tower
eiffel_tower_f67acd8c15.jpg,Eiffel Tower
eiffel_tower_f94f63a993.jpg,Eiffel Tower
pyramids_of_giza_0d5b848c6b.jpg,Pyramids of Giza
pyramids_of_giza_281fca457b.jpg,Pyramids of Giza
pyramids_of_giza_390774c301.jpg,Pyramids of Giza
pyramids_of_giza_3a41d2065a.jpg,Pyramids of Giza
pyramids_of_giza_3b3c04439d.jpg,Pyramids of Giza
pyramids_of_giza_4913389cb8.jpg,Pyramids of Giza
pyramids_of_giza_50ddb701ae.jpg,Pyramids of Giza
pyramids_of_giza_55b7bd24bf.jpg,Pyramids of Giza
pyramids_of_giza_599295aeb5.jpg,Pyramids of Giza
pyramids_of_giza_5b038dc72b.jpg,Pyramids of Giza
pyramids_of_giza_7027442590.jpg,Pyramids of Giza
pyramids_of_giza_72a92043fe.jpg,Pyramids of Giza
pyramids_of_giza_74d7d5ba83.jpg,Pyramids of Giza
pyramids_of_giza_7a1eb070f1.jpg,Pyramids of Giza
pyramids_of_giza_9e5861d026.jpg,Pyramids of Giza
pyramids_of_giza_aa9820327a.jpg,Pyramids of Giza
pyramids_of_giza_bd47b162e0.jpg,Pyramids of Giza
pyramids_of_giza_c17156374d.jpg,Pyramids of Giza
pyramids_of_giza_db0eee3879.jpg,Pyramids of Giza
pyramids_of_giza_dfad64198d.jpg,Pyramids of Giza
pyramids_of_giza_dfe6213a47.jpg,Pyramids of Giza
pyramids_of_giza_e2b4eb0b29.jpg,Pyramids of Giza
taj_mahal_1673a5c42e.jpg,Taj Mahal
taj_mahal_1ddc914938.jpg,Taj Mahal
taj_mahal_247ff9b462.jpg,Taj Mahal
taj_mahal_2b68ee3c15.jpg,Taj Mahal
taj_mahal_2c42cd7a31.jpg,Taj Mahal
taj_mahal_2ce353426b.jpg,Taj Mahal
taj_mahal_2ee6c8edf5.jpg,Taj Mahal
taj_mahal_36cc86dea6.jpg,Taj Mahal
taj_mahal_3ee1d09112.jpg,Taj Mahal
taj_mahal_5b10cee414.jpg,Taj Mahal
taj_mahal_5f2808caf3.jpg,Taj Mahal
taj_mahal_68b5f479d3.jpg,Taj Mahal
taj_mahal_6b8250d4f8.jpg,Taj Mahal
taj_mahal_8e23e1c4e7.jpg,Taj Mahal
taj_mahal_a24c242708.jpg,Taj Mahal
taj_mahal_bdce5b699c.jpg,Taj Mahal
taj_mahal_d24bf3aa07.jpg,Taj Mahal
taj_mahal_d2bc6a9ebc.jpg,Taj Mahal
taj_mahal_da3f9cb80a.jpg,Taj Mahal
taj_mahal_dd07a458c5.jpg,Taj Mahal
taj_mahal_dd98039861.jpg,Taj Mahal
taj_mahal_fe6f4f0c4a.jpg,Taj Mahal
